"Instituicao","Sigla","despesaLiquidada","totalAlunos","custoAluno"
"UNIVERSIDADE FEDERAL DO ACRE (UFAC)","UFAC","286.2",9732,"29412.1"
"UNIVERSIDADE FEDERAL DE ALAGOAS (UFAL)","UFAL","802.8",23741,"33813.6"
"UNIVERSIDADE FEDERAL DO AMAZONAS (UFAM)","UFAM","663.5",32203,"20,603.9"
"UNIVERSIDADE FEDERAL DO AMAPÁ (UNIFAP)","UNIFAP","152.7",10796,"14148.7"
"UNIVERSIDADE FEDERAL DA BAHIA (UFBA)","UFBA","1480.0",41445,"35709.2"
"UNIVERSIDADE FEDERAL DO OESTE DA BAHIA (UFOB)","UFOB","72.5",2740,"26453.6"
"UNIVERSIDADE FEDERAL DO RECÔNCAVO DA BAHIA (UFRB)","UFRB","236.5",10315,"22927.3"
"UNIVERSIDADE FEDERAL DO SUL DA BAHIA (UFSBA)","UFSBA","70.2",2194,"32017.8"
"UNIVERSIDADE FEDERAL DO CARIRI (UFCA)","UFCA","75.6",2570,"29421.6"
"UNIVERSIDADE FEDERAL DO CEARÁ (UFC)","UFC","1560.1",32269,"48346.1"
"UNIVERSIDADE FEDERAL DA INTEGRAÇÃO LATINO-AMERICANA (UNILA)","UNILA","105.9",4525,"23394.0"
"UNIVERSIDADE DE BRASÍLIA (UNB)","UNB","1620.9",41770,"38,805.9"
"UNIVERSIDADE FEDERAL DO ESPÍRITO SANTO (UFES)","UFES","942.2",26944,"34969.7"
"UNIVERSIDADE FEDERAL DE GOIÁS (UFG)","UFG","1219.8",27635,"44138.9"
"UNIVERSIDADE FEDERAL DO MARANHÃO (UFMA)","UFMA","729.5",32204,"22652.6"
"UNIVERSIDADE FEDERAL DE UBERLÂNDIA (UFU)","UFU","1204.0",24535,"49073.4"
"UNIVERSIDADE FEDERAL DE VIÇOSA (UFV)","UFV","810.1",16072,"50401.8"
"UNIVERSIDADE FEDERAL DE SÃO JOÃO DEL REI (UFSJ)","UFSJ","264.2",13849,"19079.5"
"UNIVERSIDADE FEDERAL DE JUIZ DE FORA (UFJF)","UFJF","823.1",22706,"36251.0"
"UNIVERSIDADE FEDERAL DE LAVRAS (UFLA)","UFLA","309.9",11961,"25,910.5"
"UNIVERSIDADE FEDERAL DE MINAS GERAIS (UFMG)","UFMG","2049.2",40034,"51185.8"
"UNIVERSIDADE FEDERAL DE OURO PRETO (UFOP)","UFOP","373.7",14366,"26013.1"
"UNIVERSIDADE FEDERAL DO TRIÂNGULO MINEIRO (UFTM)","UFTM","425.7",6277,"67823.1"
"UNIVERSIDADE FEDERAL DOS VALES DO JEQUITINHONHA E MUCURI (UFVJM)","UFVJM","223.0",9578,"23283.4"
"UNIVERSIDADE FEDERAL DE ITAJUBÁ (UNIFEI)","UNIFEI","189.9",7662,"24784.3"
MG-"UNIFENAS", "27294"
MS-"FUFGD", "26556"
MS-"FUFMS", "39252"
MT-"FUFMT", "40923"
PA-"UFOPA", "18470"
PA-"UFPA", "29023"
PA-"UFRAM", "25893"
PA-"UFSEPA", "25234"
"UNIVERSIDADE FEDERAL DE CAMPINA GRANDE (UFCG)","UFCG","661.4",17194,"38468.7"
"UNIVERSIDADE FEDERAL DA PARAÍBA (UFPB)","UFPB","1551.5",34084,"45518.8"
PE-"FUFVSF", "21176"
"UNIVERSIDADE FEDERAL DE PERNAMBUCO (UFPE)","UFPE","1557.9",38774,"39754.9"
"UNIVERSIDADE FEDERAL RURAL DE PERNAMBUCO (UFRPE)","UFRPE","579.0",13989,"41387.5"
"UNIVERSIDADE FEDERAL DO PIAUÍ (UFPI)","UFPI","776.2",30348,"25575.5"
PR-"UFPR", "47851"
PR-"UFTPR", "27643"
PR-"UNILA", "44600"
RJ-"UFF", "38098"
RJ-"UFRJ", "71338"
RJ-"UFRRJ", "27459"
RJ-"UNIRIO", "34299"
"UNIVERSIDADE FEDERAL DO RIO GRANDE DO NORTE (UFRN)","UFRN","1694.5",32872,"51548.1"
"UNIVERSIDADE FEDERAL RURAL DO SEMI-ÁRIDO (UFERSA)","UFERSA","253.9",9757,"26027.1"
RO-"FUFRO", "22256"
RR-"FUFRR", "26883"
RS-"FUFCSPA", "47824"
RS-"FUFPAMPA", "25086"
RS-"FUFPEL", "36468"
RS-"FURG", "46579"
RS-"UFRS", "43627"
RS-"UFSM", "50354"
SC-"UFFS", "25678"
SC-"UFSC", "41256"
"UNIVERSIDADE FEDERAL DE SERGIPE (UFS)","UFS","635.4",30060,"21138.2"
SP-"FUFABC", "17378"
SP-"FUFSCAR", "32763"
SP-"UNIFESP", "81162"
TO-"FUFTO", "16477"